"Product_Name","Variant_Size","Price_INR","Available","Category"
"Ajwa Dates","1kg","1780.00","True",""
"Ajwa Dates","250g","445.00","True",""
"Ajwa Dates","500g","890.00","True",""
"Ajwain (Ayamodakam)","1kg","560.00","True",""
"Ajwain (Ayamodakam)","250g","140.00","True",""
"Ajwain (Ayamodakam)","500g","280.00","True",""
"Almond Nut Butter","250g / Honey","517.00","True",""
"Almond Nut Butter","250g / Jaggery","507.00","True",""
"Almond Nut Butter","250g / Unsweetened","487.00","True",""
"Almonds Jumbo","1kg","1790.00","True",""
"Almonds Jumbo","250g","447.50","True",""
"Almonds Jumbo","500g","895.00","True",""
"Almonds USA","1kg","1650.00","True",""
"Almonds USA","250g","412.50","True",""
"Almonds USA","500g","825.00","True",""
"Alovi Seeds (Halim Seeds)","1kg","550.00","True",""
"Alovi Seeds (Halim Seeds)","250g","137.50","True",""
"Alovi Seeds (Halim Seeds)","500g","275.00","True",""
"Amaranth (Rajgira)","1kg","350.00","True",""
"Amaranth (Rajgira)","250g","87.50","True",""
"Amaranth (Rajgira)","500g","175.00","True",""
"Amaranth Noodles","1kg","650.00","True",""
"Amaranth Noodles","250g","162.50","True",""
"Amaranth Noodles","500g","325.00","True",""
"Amla Dry Candy","1kg","410.00","True",""
"Amla Dry Candy","250g","102.50","True",""
"Amla Dry Candy","500g","205.00","True",""
"Amla Powder","100g","201.00","True",""
"Amla Powder","1kg","2010.00","True",""
"Amla Powder","250g","502.50","True",""
"Amla Powder","500g","1005.00","True",""
"Appam Idiyappam Podi","1kg","140.00","True",""
"Appam Idiyappam Podi","250g","35.00","True",""
"Appam Idiyappam Podi","500g","70.00","True",""
"Apricot Soft","1kg","1988.00","True",""
"Apricot Soft","250g","497.00","True",""
"Apricot Soft","500g","994.00","True",""
"Arabica Coffee Bean","1kg","1800.00","True",""
"Arabica Coffee Bean","250g","450.00","True",""
"Arabica Coffee Bean","500g","900.00","True",""
"Arabica Coffee Beans (organic)","1kg","2100.00","True",""
"Arabica Coffee Beans (organic)","250g","525.00","True",""
"Arabica Coffee Beans (organic)","500g","1050.00","True",""
"Arabica Coffee Powder","1kg","1800.00","True",""
"Arabica Coffee Powder","250g","450.00","True",""
"Arabica Coffee Powder","500g","900.00","True",""
"Ashwagandha","100g","225.00","True",""
"Ashwagandha","1kg","2250.00","True",""
"Ashwagandha","250g","562.50","True",""
"Ashwagandha","500g","1125.00","True",""
"Assam Tea","1kg","720.00","True",""
"Assam Tea","250g","180.00","True",""
"Assam Tea","500g","360.00","True",""
"Avalose Podi","1kg","480.00","True",""
"Avalose Podi","250g","120.00","True",""
"Avalose Podi","500g","240.00","True",""
"Baby Fork","Default Title","90.00","True",""
"Baby Spoon","Default Title","90.00","True",""
"Bamboo Toothbrush","Default Title","55.00","True",""
"Banana Dried (Kannan Kaya)","1kg","1000.00","True",""
"Banana Dried (Kannan Kaya)","250g","250.00","True",""
"Banana Dried (Kannan Kaya)","500g","500.00","True",""
"Barley","1kg","160.00","True",""
"Barley","250g","40.00","True",""
"Barley","500g","80.00","True",""
"Barnyard Millet (Oodalu)","1kg","240.00","True",""
"Barnyard Millet (Oodalu)","250g","60.00","True",""
"Barnyard Millet (Oodalu)","500g","120.00","True",""
"Barnyard Millet (Oodalu) Rava","1kg","350.00","True",""
"Barnyard Millet (Oodalu) Rava","250g","87.50","True",""
"Barnyard Millet (Oodalu) Rava","500g","175.00","True",""
"Barnyard Millet Cookies","1kg","520.00","True",""
"Barnyard Millet Cookies","250g","130.00","True",""
"Barnyard Millet Cookies","500g","260.00","True",""
"Basil Seeds (Sabja)","1kg","650.00","True",""
"Basil Seeds (Sabja)","250g","162.50","True",""
"Basil Seeds (Sabja)","500g","325.00","True",""
"Bay Leaves / Tej Patta","1kg","700.00","True",""
"Bay Leaves / Tej Patta","250g","175.00","True",""
"Bay Leaves / Tej Patta","500g","350.00","True",""
"Beetroot Powder","100g","145.00","True",""
"Beetroot Powder","1kg","1450.00","True",""
"Beetroot Powder","250g","362.50","True",""
"Beetroot Powder","500g","725.00","True",""
"Bengal Gram Dal (Besan)","1kg","160.00","True",""
"Bengal Gram Dal (Besan)","250g","40.00","True",""
"Bengal Gram Dal (Besan)","500g","80.00","True",""
"Bhringraj Powder","100G","99.00","True",""
"Bhringraj Powder","1kg","990.00","True",""
"Bhringraj Powder","250g","247.50","True",""
"Bhringraj Powder","500g","495.00","True",""
"Black Cardamom (Black Elaichi)","1kg","3380.00","True",""
"Black Cardamom (Black Elaichi)","250g","845.00","True",""
"Black Cardamom (Black Elaichi)","500g","1690.00","True",""
"Black Chana","1kg","160.00","True",""
"Black Chana","250g","40.00","True",""
"Black Chana","500g","80.00","True",""
"Black Chickpea Powder (Kadala Podi)","1kg","360.00","True",""
"Black Chickpea Powder (Kadala Podi)","250g","90.00","True",""
"Black Chickpea Powder (Kadala Podi)","500g","180.00","True",""
"Black Salt","1kg","100.00","True",""
"Black Salt","250g","25.00","True",""
"Black Salt","500g","50.00","True",""
"Black Seedless Raisins","1kg","890.00","True",""
"Black Seedless Raisins","250g","222.50","True",""
"Black Seedless Raisins","500g","445.00","True",""
"Black Sesame Chikki","1kg","680.00","True",""
"Black Sesame Chikki","250g","170.00","True",""
"Black Sesame Chikki","500g","340.00","True",""
"Brahmi Honey","250g","435.00","True",""
"Brahmi Honey","400g","670.00","True",""
"Brazil Nuts","1kg","4550.00","True",""
"Brazil Nuts","250g","1137.50","True",""
"Brazil Nuts","500g","2275.00","True",""
"Browntop Millet (Korale)","1kg","300.00","True",""
"Browntop Millet (Korale)","250g","75.00","True",""
"Browntop Millet (Korale)","500g","150.00","True",""
"Cardamom Bold","100g - Masala","495.00","True",""
"Cardamom Bold","150g - Masala","742.50","True",""
"Cardamom Bold","1kg","4950.00","True",""
"Cardamom Bold","200g - Masala","990.00","True",""
"Cardamom Bold","250g","1237.50","True",""
"Cardamom Bold","250g - Masala","1237.50","True",""
"Cardamom Bold","500g","2475.00","True",""
"Cardamom Bold","50g - Masala","247.50","True",""
"Cardamom Bulk","1kg","2900.00","True",""
"Cardamom Bulk","250g","725.00","True",""
"Cardamom Bulk","500g","1450.00","True",""
"Cashew - Broken Pieces","1kg","1320.00","True",""
"Cashew - Broken Pieces","250g","330.00","True",""
"Cashew - Broken Pieces","500g","660.00","True",""
"Cashew - Pepper Garlic","1kg","1740.00","True",""
"Cashew - Pepper Garlic","250g","435.00","True",""
"Cashew - Pepper Garlic","500g","870.00","True",""
"Cashew - Roasted And Salted","1kg","1690.00","True",""
"Cashew - Roasted And Salted","250g","422.50","True",""
"Cashew - Roasted And Salted","500g","845.00","True",""
"Cashew - Split","1kg","1460.00","True",""
"Cashew - Split","250g","365.00","True",""
"Cashew - Split","500g","730.00","True",""
"Cashew 180","1kg","1750.00","True",""
"Cashew 180","250g","437.50","True",""
"Cashew 180","500g","875.00","True",""
"Cashew 240","1kg","1590.00","True",""
"Cashew 240","250g","397.50","True",""
"Cashew 240","500g","795.00","True",""
"Cashew Borma - Premium","1kg","1480.00","True",""
"Cashew Borma - Premium","250g","370.00","True",""
"Cashew Borma - Premium","500g","740.00","True",""
"Cashew- Chilli Garlic","1kg","1740.00","True",""
"Cashew- Chilli Garlic","250g","435.00","True",""
"Cashew- Chilli Garlic","500g","870.00","True",""
"Cashew Nut Butter","250g / Honey","470.00","True",""
"Cashew Nut Butter","250g / Jaggery","460.00","True",""
"Cashew Nut Butter","250g / Unsweetened","440.00","True",""
"Cashew Peanut Chikki","1kg","720.00","True",""
"Cashew Peanut Chikki","250g","180.00","True",""
"Cashew Peanut Chikki","500g","360.00","True",""
"Cassia Cinnamon","1kg","580.00","True",""
"Cassia Cinnamon","250g","145.00","True",""
"Cassia Cinnamon","500g","290.00","True",""
"Chammanthi Podi","1kg","1200.00","True",""
"Chammanthi Podi","250g","300.00","True",""
"Chammanthi Podi","500g","600.00","True",""
"Chia Seeds","1kg","750.00","True",""
"Chia Seeds","250g","187.50","True",""
"Chia Seeds","500g","375.00","True",""
"Chilli Chocolate","Default Title","230.00","True",""
"Chocolate Muesli","1kg","750.00","True",""
"Chocolate Muesli","250g","187.50","True",""
"Chocolate Muesli","500g","375.00","True",""
"Cinnamon Roll (Churul Patta, Indonesia)","100g - Masala","120.00","True",""
"Cinnamon Roll (Churul Patta, Indonesia)","150g - Masala","180.00","True",""
"Cinnamon Roll (Churul Patta, Indonesia)","1kg","1265.00","True",""
"Cinnamon Roll (Churul Patta, Indonesia)","200g - Masala","240.00","True",""
"Cinnamon Roll (Churul Patta, Indonesia)","250g","316.25","True",""
"Cinnamon Roll (Churul Patta, Indonesia)","250g - Masala","300.00","True",""
"Cinnamon Roll (Churul Patta, Indonesia)","500g","632.50","True",""
"Cinnamon Roll (Churul Patta, Indonesia)","50g - Masala","60.00","True",""
"Cloth Loofah","Default Title","35.00","True",""
"Cloves","100g - Masala","170.00","True",""
"Cloves","150g - Masala","255.00","True",""
"Cloves","1kg","1800.00","True",""
"Cloves","200g - Masala","340.00","True",""
"Cloves","250g","450.00","True",""
"Cloves","250g - Masala","425.00","True",""
"Cloves","500g","900.00","True",""
"Cloves","50g - Masala","85.00","True",""
"Cocoa Powder","1kg","2400.00","True",""
"Cocoa Powder","250g","600.00","True",""
"Cocoa Powder","500g","1200.00","True",""
"Cocoa Tea","1kg","1350.00","False",""
"Cocoa Tea","250g","337.50","True",""
"Cocoa Tea","500g","675.00","False",""
"Coconut Oil","460g","380.00","True",""
"Coconut Oil","910g","720.00","True",""
"Coconut Sugar","1kg","650.00","True",""
"Coconut Sugar","250g","162.50","True",""
"Coconut Sugar","500g","325.00","True",""
"Coffee Chocolate","Default Title","235.00","True",""
"Copper Tongue Cleaner","Default Title","150.00","True",""
"Coriander","100g - Masala","45.00","True",""
"Coriander","150g - Masala","67.50","True",""
"Coriander","1kg","450.00","True",""
"Coriander","200g - Masala","90.00","True",""
"Coriander","250g","112.50","True",""
"Coriander","250g - Masala","112.50","True",""
"Coriander","500g","225.00","True",""
"Coriander","50g - Masala","22.50","True",""
"Corn/ Maize","1kg","110.00","True",""
"Corn/ Maize","250g","27.50","True",""
"Corn/ Maize","500g","55.00","True",""
"Cow Ghee","280g","410.00","True",""
"Cow Ghee","600g","795.00","True",""
"Cow Ghee","900g","1170.00","True",""
"Cucumber Seeds","1kg","1650.00","True",""
"Cucumber Seeds","250g","412.50","True",""
"Cucumber Seeds","500g","825.00","True",""
"Cumin (Jeerakam)","100g - Masala","69.00","True",""
"Cumin (Jeerakam)","125g - Masala","86.25","True",""
"Cumin (Jeerakam)","150g - Masala","103.50","True",""
"Cumin (Jeerakam)","175g - Masala","120.75","True",""
"Cumin (Jeerakam)","1kg","770.00","True",""
"Cumin (Jeerakam)","200g - Masala","138.00","True",""
"Cumin (Jeerakam)","225g - Masala","155.25","True",""
"Cumin (Jeerakam)","250g","192.50","True",""
"Cumin (Jeerakam)","250g - Masala","172.50","True",""
"Cumin (Jeerakam)","25g - Masala","19.25","True",""
"Cumin (Jeerakam)","500g","385.00","True",""
"Cumin (Jeerakam)","50g - Masala","38.50","True",""
"Cumin (Jeerakam)","75g - Masala","57.75","True",""
"Custom Masala Blend","100","100.00","True",""
"Custom Masala Blend","1000","1000.00","True",""
"Custom Masala Blend","1050","1050.00","True",""
"Custom Masala Blend","1100","1100.00","True",""
"Custom Masala Blend","1150","1150.00","True",""
"Custom Masala Blend","1200","1200.00","True",""
"Custom Masala Blend","1250","1250.00","True",""
"Custom Masala Blend","1300","1300.00","True",""
"Custom Masala Blend","1350","1350.00","True",""
"Custom Masala Blend","1400","1400.00","True",""
"Custom Masala Blend","1450","1450.00","True",""
"Custom Masala Blend","150","150.00","True",""
"Custom Masala Blend","1500","1500.00","True",""
"Custom Masala Blend","1550","1550.00","True",""
"Custom Masala Blend","1600","1600.00","True",""
"Custom Masala Blend","1650","1650.00","True",""
"Custom Masala Blend","1700","1700.00","True",""
"Custom Masala Blend","1750","1750.00","True",""
"Custom Masala Blend","1800","1800.00","True",""
"Custom Masala Blend","1850","1850.00","True",""
"Custom Masala Blend","1900","1900.00","True",""
"Custom Masala Blend","1950","1950.00","True",""
"Custom Masala Blend","200","200.00","True",""
"Custom Masala Blend","2000","2000.00","True",""
"Custom Masala Blend","2050","2050.00","True",""
"Custom Masala Blend","2100","2100.00","True",""
"Custom Masala Blend","2150","2150.00","True",""
"Custom Masala Blend","2200","2200.00","True",""
"Custom Masala Blend","2250","2250.00","True",""
"Custom Masala Blend","2300","2300.00","True",""
"Custom Masala Blend","2350","2350.00","True",""
"Custom Masala Blend","2400","2400.00","True",""
"Custom Masala Blend","2450","2450.00","True",""
"Custom Masala Blend","250","250.00","True",""
"Custom Masala Blend","2500","2500.00","True",""
"Custom Masala Blend","2550","2550.00","True",""
"Custom Masala Blend","2600","2600.00","True",""
"Custom Masala Blend","2650","2650.00","True",""
"Custom Masala Blend","2700","2700.00","True",""
"Custom Masala Blend","2750","2750.00","True",""
"Custom Masala Blend","2800","2800.00","True",""
"Custom Masala Blend","2850","2850.00","True",""
"Custom Masala Blend","2900","2900.00","True",""
"Custom Masala Blend","2950","2950.00","True",""
"Custom Masala Blend","300","300.00","True",""
"Custom Masala Blend","3000","3000.00","True",""
"Custom Masala Blend","3050","3050.00","True",""
"Custom Masala Blend","3100","3100.00","True",""
"Custom Masala Blend","3150","3150.00","True",""
"Custom Masala Blend","3200","3200.00","True",""
"Custom Masala Blend","3250","3250.00","True",""
"Custom Masala Blend","3300","3300.00","True",""
"Custom Masala Blend","3350","3350.00","True",""
"Custom Masala Blend","3400","3400.00","True",""
"Custom Masala Blend","3450","3450.00","True",""
"Custom Masala Blend","350","350.00","True",""
"Custom Masala Blend","3500","3500.00","True",""
"Custom Masala Blend","3550","3550.00","True",""
"Custom Masala Blend","3600","3600.00","True",""
"Custom Masala Blend","3650","3650.00","True",""
"Custom Masala Blend","3700","3700.00","True",""
"Custom Masala Blend","3750","3750.00","True",""
"Custom Masala Blend","3800","3800.00","True",""
"Custom Masala Blend","3850","3850.00","True",""
"Custom Masala Blend","3900","3900.00","True",""
"Custom Masala Blend","3950","3950.00","True",""
"Custom Masala Blend","400","400.00","True",""
"Custom Masala Blend","4000","4000.00","True",""
"Custom Masala Blend","4050","4050.00","True",""
"Custom Masala Blend","4100","4100.00","True",""
"Custom Masala Blend","4150","4150.00","True",""
"Custom Masala Blend","4200","4200.00","True",""
"Custom Masala Blend","4250","4250.00","True",""
"Custom Masala Blend","4300","4300.00","True",""
"Custom Masala Blend","4350","4350.00","True",""
"Custom Masala Blend","4400","4400.00","True",""
"Custom Masala Blend","4450","4450.00","True",""
"Custom Masala Blend","450","450.00","True",""
"Custom Masala Blend","4500","4500.00","True",""
"Custom Masala Blend","4550","4550.00","True",""
"Custom Masala Blend","4600","4600.00","True",""
"Custom Masala Blend","4650","4650.00","True",""
"Custom Masala Blend","4700","4700.00","True",""
"Custom Masala Blend","4750","4750.00","True",""
"Custom Masala Blend","4800","4800.00","True",""
"Custom Masala Blend","4850","4850.00","True",""
"Custom Masala Blend","4900","4900.00","True",""
"Custom Masala Blend","4950","4950.00","True",""
"Custom Masala Blend","50","50.00","True",""
"Custom Masala Blend","500","500.00","True",""
"Custom Masala Blend","5000","5000.00","True",""
"Custom Masala Blend","550","550.00","True",""
"Custom Masala Blend","600","600.00","True",""
"Custom Masala Blend","650","650.00","True",""
"Custom Masala Blend","700","700.00","True",""
"Custom Masala Blend","750","750.00","True",""
"Custom Masala Blend","800","800.00","True",""
"Custom Masala Blend","850","850.00","True",""
"Custom Masala Blend","900","900.00","True",""
"Custom Masala Blend","950","950.00","True",""
"Dailywell Fibre Atta","1kg","102.00","True",""
"Dailywell Fibre Atta","3kg","306.00","True",""
"Dailywell Fibre Atta","5kg","510.00","True",""
"Dailywell Gluten Free Atta","1kg","222.00","True",""
"Dailywell Gluten Free Atta","3kg","666.00","True",""
"Dailywell Gluten Free Atta","5kg","1110.00","True",""
"Dailywell Multi Millet Atta","1 kg","109.00","True",""
"Dailywell Multi Millet Atta","3 kg","327.00","True",""
"Dailywell Multi Millet Atta","5 kg","545.00","True",""
"Dailywell Nuts & Seeds Atta","1kg","283.00","True",""
"Dailywell Nuts & Seeds Atta","3kg","849.00","True",""
"Dailywell Nuts & Seeds Atta","5kg","1415.00","True",""
"Dailywell Protein Atta","1kg","127.00","True",""
"Dailywell Protein Atta","3kg","381.00","True",""
"Dailywell Protein Atta","5kg","635.00","True",""
"Dark Chocolate 55%","Default Title","300.00","True",""
"Dark Chocolate 80%","Default Title","370.00","True",""
"Dark Milk Chocolate","Default Title","250.00","True",""
"Dates- Dry Black Fine (Oman Kaarakka)","1kg","560.00","True",""
"Dates- Dry Black Fine (Oman Kaarakka)","250g","140.00","True",""
"Dates- Dry Black Fine (Oman Kaarakka)","500g","280.00","True",""
"Dried Blueberries","1kg","2400.00","True",""
"Dried Blueberries","250g","600.00","True",""
"Dried Blueberries","500g","1200.00","True",""
"Dried Cherry","1kg","1250.00","True",""
"Dried Cherry","250g","312.50","True",""
"Dried Cherry","500g","625.00","True",""
"Dried Cranberries","1kg","1050.00","True",""
"Dried Cranberries","250g","262.50","True",""
"Dried Cranberries","500g","525.00","True",""
"Dried Curry Leaves","100g","85.00","True",""
"Dried Curry Leaves","1kg","850.00","True",""
"Dried Curry Leaves","250g","212.50","True",""
"Dried Curry Leaves","500g","425.00","True",""
"Dried Ginger","1kg","820.00","True",""
"Dried Ginger","250g","205.00","True",""
"Dried Ginger","500g","410.00","True",""
"Dried Ginger Powder","1kg","850.00","True",""
"Dried Ginger Powder","250g","212.50","True",""
"Dried Ginger Powder","500g","425.00","True",""
"Dried Jackfruit","1kg","1250.00","True",""
"Dried Jackfruit","250g","312.50","True",""
"Dried Jackfruit","500g","625.00","True",""
"Dried Lemon","1kg","500.00","True",""
"Dried Lemon","250g","125.00","True",""
"Dried Lemon","500g","250.00","True",""
"Dried Strawberry","1kg","1340.00","True",""
"Dried Strawberry","250g","335.00","True",""
"Dried Strawberry","500g","670.00","True",""
"Ekanayakam","1kg","1200.00","True",""
"Ekanayakam","250g","300.00","True",""
"Ekanayakam","500g","600.00","True",""
"Emmer Khapli Wheat","1kg / Powder","195.00","True",""
"Emmer Khapli Wheat","1kg / Raw","195.00","True",""
"Emmer Khapli Wheat","3kg / Powder","585.00","True",""
"Emmer Khapli Wheat","3kg / Raw","585.00","True",""
"Emmer Khapli Wheat","5kg / Powder","975.00","True",""
"Emmer Khapli Wheat","5kg / Raw","975.00","True",""
"Fennel (Perumjeerakam)","1KG","600.00","True",""
"Fennel (Perumjeerakam)","250G","150.00","True",""
"Fennel (Perumjeerakam)","500G","300.00","True",""
"Fenugreek (Uluva)","1kg","230.00","True",""
"Fenugreek (Uluva)","250g","57.50","True",""
"Fenugreek (Uluva)","500g","115.00","True",""
"Fig (Big)","1kg","2800.00","True",""
"Fig (Big)","250g","700.00","True",""
"Fig (Big)","500g","1400.00","True",""
"Fig (Normal Size)","1KG","2100.00","True",""
"Fig (Normal Size)","250g","525.00","True",""
"Fig (Normal Size)","500g","1050.00","True",""
"Flax Seeds","1kg","350.00","True",""
"Flax Seeds","250g","87.50","True",""
"Flax Seeds","500g","175.00","True",""
"Forest Honey (Kattuthen)","1350g","1325.00","True",""
"Forest Honey (Kattuthen)","250g","360.00","True",""
"Forest Honey (Kattuthen)","400g","560.00","True",""
"Forest Honey (Kattuthen)","950g","1240.00","True",""
"Fork","Default Title","190.00","True",""
"Foxtail Millet (Navane)","1kg","170.00","True",""
"Foxtail Millet (Navane)","250g","42.50","True",""
"Foxtail Millet (Navane)","500g","85.00","True",""
"Foxtail Millet (Navane) Rava","1kg","250.00","True",""
"Foxtail Millet (Navane) Rava","250g","62.50","True",""
"Foxtail Millet (Navane) Rava","500g","125.00","True",""
"Fruit & Nut Chocolate","Default Title","250.00","True",""
"Fruits & Nuts Muesli","1kg","720.00","True",""
"Fruits & Nuts Muesli","250g","180.00","True",""
"Fruits & Nuts Muesli","500g","360.00","True",""
"Fruits Granola","1kg","750.00","True",""
"Fruits Granola","250g","187.50","True",""
"Fruits Granola","500g","375.00","True",""
"Garam Masala","150gm","210.00","True",""
"Garlic pickle","280g","295.00","True",""
"Ginger Cube","1kg","1040.00","True",""
"Ginger Cube","250g","260.00","True",""
"Ginger Cube","500g","520.00","True",""
"Ginger Honey","250g","435.00","True",""
"Ginger Honey","400g","670.00","True",""
"Gooseberry Pickle","280g","260.00","True",""
"Green Gram","1kg","240.00","True",""
"Green Gram","250g","60.00","True",""
"Green Gram","500g","120.00","True",""
"Green Gram Powder (Cherupayar Podi)","1kg","460.00","True",""
"Green Gram Powder (Cherupayar Podi)","250g","115.00","True",""
"Green Gram Powder (Cherupayar Podi)","500g","230.00","True",""
"Green Peas","1kg","160.00","True",""
"Green Peas","250g","40.00","True",""
"Green Peas","500g","80.00","True",""
"Groundnut Oil","460gm","255.00","True",""
"Groundnut Oil","910 gm","470.00","True",""
"Hazel Nuts","1kg","3700.00","True",""
"Hazel Nuts","250g","925.00","True",""
"Hazel Nuts","500g","1850.00","True",""
"Hazelnut Nut Butter","250g / Honey","1030.00","True",""
"Hazelnut Nut Butter","250g / Jaggery","1020.00","True",""
"Hazelnut Nut Butter","250g / Unsweetened","1000.00","True",""
"Henna Powder","100G","205.00","True",""
"Henna Powder","1kg","2050.00","True",""
"Henna Powder","250g","512.50","True",""
"Henna Powder","500g","1025.00","True",""
"Hibiscus Powder","100g","210.00","True",""
"Hibiscus Powder","1kg","2100.00","True",""
"Hibiscus Powder","250g","525.00","True",""
"Hibiscus Powder","500g","1050.00","True",""
"Hing (Asafoetida)","100g","350.00","True",""
"Hing (Asafoetida)","1kg","3500.00","True",""
"Hing (Asafoetida)","250g","875.00","True",""
"Hing (Asafoetida)","500g","1750.00","True",""
"Honey","Default Title","20.00","True",""
"Honey Dipper","Default Title","100.00","True",""
"Horse Gram (Muthira)","1kg","180.00","True",""
"Horse Gram (Muthira)","250g","45.00","True",""
"Horse Gram (Muthira)","500g","90.00","True",""
"Idli Powder","1kg","840.00","True",""
"Idli Powder","250g","210.00","True",""
"Idli Powder","500g","420.00","True",""
"Idly Rice SR Orange","1kg","85.00","True",""
"Idly Rice SR Orange","250g","21.25","True",""
"Idly Rice SR Orange","500g","42.50","True",""
"Incha/ Acacia Wild","100g","250.00","True",""
"Incha/ Acacia Wild","1kg","2500.00","True",""
"Incha/ Acacia Wild","250g","625.00","True",""
"Incha/ Acacia Wild","500g","1250.00","True",""
"Indigo Powder","100g","210.00","True",""
"Indigo Powder","1kg","2100.00","True",""
"Indigo Powder","250g","525.00","True",""
"Indigo Powder","500g","1050.00","True",""
"Iratti Madhuram","1kg","900.00","True",""
"Iratti Madhuram","250g","225.00","True",""
"Iratti Madhuram","500g","450.00","True",""
"Jackfruit Pasta","1kg","520.00","True",""
"Jackfruit Pasta","250g","130.00","True",""
"Jackfruit Pasta","500g","260.00","True",""
"Jaggery","Default Title","20.00","True",""
"Jaggery Mix Dry Fruit","1kg","1600.00","True",""
"Jaggery Mix Dry Fruit","250g","400.00","True",""
"Jaggery Mix Dry Fruit","500g","800.00","True",""
"Jowar (Sorghum Millet)","1kg","115.00","True",""
"Jowar (Sorghum Millet)","250g","28.75","True",""
"Jowar (Sorghum Millet)","500g","57.50","True",""
"Jowar (Sorghum Millet) Rava","1kg","210.00","True",""
"Jowar (Sorghum Millet) Rava","250g","52.50","True",""
"Jowar (Sorghum Millet) Rava","500g","105.00","True",""
"Jowar Flakes","1kg","220.00","True",""
"Jowar Flakes","250g","55.00","True",""
"Jowar Flakes","500g","110.00","True",""
"Jowar Millet Pasta","1kg","560.00","True",""
"Jowar Millet Pasta","250g","140.00","True",""
"Jowar Millet Pasta","500g","280.00","True",""
"Kabuli Chana White","1kg","250.00","True",""
"Kabuli Chana White","250g","62.50","True",""
"Kabuli Chana White","500g","125.00","True",""
"Kadukka (Haritaki)","1kg","300.00","True",""
"Kadukka (Haritaki)","250g","75.00","True",""
"Kadukka (Haritaki)","500g","150.00","True",""
"Karingali (Black Cutch)","1kg","630.00","True",""
"Karingali (Black Cutch)","250g","157.50","True",""
"Karingali (Black Cutch)","500g","315.00","True",""
"Kasthuri Haldi Powder","100g","150.00","True",""
"Kasthuri Haldi Powder","1KG","1500.00","True",""
"Kasthuri Haldi Powder","250G","375.00","True",""
"Kasthuri Haldi Powder","500G","750.00","True",""
"Kiwi Green Dried","1kg","890.00","True",""
"Kiwi Green Dried","250g","222.50","True",""
"Kiwi Green Dried","500g","445.00","True",""
"Kiwi Yellow Dried","1kg","820.00","True",""
"Kiwi Yellow Dried","250g","205.00","True",""
"Kiwi Yellow Dried","500g","410.00","True",""
"Kodo Millet (Arka)","1 kg","170.00","True",""
"Kodo Millet (Arka)","250g","42.50","True",""
"Kodo Millet (Arka)","500g","85.00","True",""
"Kodo Millet (Arka) Rava","1kg","270.00","True",""
"Kodo Millet (Arka) Rava","250g","67.50","True",""
"Kodo Millet (Arka) Rava","500g","135.00","True",""
"Kodo Millet Cookies","1kg","560.00","True",""
"Kodo Millet Cookies","250g","140.00","True",""
"Kodo Millet Cookies","500g","280.00","True",""
"Lapsi Daliya (Broken Wheat)","1kg","120.00","True",""
"Lapsi Daliya (Broken Wheat)","250g","30.00","True",""
"Lapsi Daliya (Broken Wheat)","500g","60.00","True",""
"Lemon pickle","280g","280.00","True",""
"Little Millet (Samai)","1kg","210.00","True",""
"Little Millet (Samai)","250g","52.50","True",""
"Little Millet (Samai)","500g","105.00","True",""
"Little Millet (Samai) Rava","1kg","300.00","True",""
"Little Millet (Samai) Rava","250g","75.00","True",""
"Little Millet (Samai) Rava","500g","150.00","True",""
"Little Millet Cookies","1kg","560.00","True",""
"Little Millet Cookies","250gm","140.00","True",""
"Little Millet Cookies","500gm","325.00","True",""
"Lobia (Red Cowpeas)","1kg","190.00","True",""
"Lobia (Red Cowpeas)","250g","47.50","True",""
"Lobia (Red Cowpeas)","500g","95.00","True",""
"Lokwan Gund Wheat","1kg / Powder","75.00","True",""
"Lokwan Gund Wheat","1kg / Raw","75.00","True",""
"Lokwan Gund Wheat","3kg / Powder","225.00","True",""
"Lokwan Gund Wheat","3kg / Raw","225.00","True",""
"Lokwan Gund Wheat","5kg / Powder","375.00","True",""
"Lokwan Gund Wheat","5kg / Raw","375.00","True",""
"Macadamia Nuts - With Shell","1kg","3880.00","True",""
"Macadamia Nuts - With Shell","250g","970.00","True",""
"Macadamia Nuts - With Shell","500g","1940.00","True",""
"Makhana (Lotus Seeds)","1kg","1980.00","True",""
"Makhana (Lotus Seeds)","250g","495.00","True",""
"Makhana (Lotus Seeds)","500g","990.00","True",""
"Mango Dried","1kg","1200.00","True",""
"Mango Dried","250g","300.00","True",""
"Mango Dried","500g","600.00","True",""
"Manjishta Root Powder","100g","195.00","True",""
"Manjishta Root Powder","1kg","1950.00","True",""
"Manjishta Root Powder","250g","487.50","True",""
"Manjishta Root Powder","500g","975.00","True",""
"Marathi Moggu","1kg","1200.00","True",""
"Marathi Moggu","250g","300.00","True",""
"Marathi Moggu","500g","600.00","True",""
"Marathi Moggu Long (Kapok Buds)","1kg","1200.00","True",""
"Marathi Moggu Long (Kapok Buds)","250g","300.00","True",""
"Marathi Moggu Long (Kapok Buds)","500g","600.00","True",""
"Marayoor Jaggery Powder","1kg","280.00","True",""
"Marayoor Jaggery Powder","250g","70.00","True",""
"Marayoor Jaggery Powder","500g","140.00","True",""
"Marayoor Jaggery Whole","1kg","200.00","True",""
"Marayoor Jaggery Whole","250g","50.00","True",""
"Marayoor Jaggery Whole","500g","100.00","True",""
"Masoor Dal (Split)","1kg","150.00","True",""
"Masoor Dal (Split)","250g","37.50","True",""
"Masoor Dal (Split)","500g","75.00","True",""
"Medjool Jumbo Dates","1kg","2200.00","True",""
"Medjool Jumbo Dates","250g","550.00","True",""
"Medjool Jumbo Dates","500g","1100.00","True",""
"Methi Leaves Dried","1kg","490.00","True",""
"Methi Leaves Dried","250g","122.50","True",""
"Methi Leaves Dried","500g","245.00","True",""
"Mexican Bites","1kg","1100.00","True",""
"Mexican Bites","250g","275.00","True",""
"Mexican Bites","500g","550.00","True",""
"Milky Bar","Default Title","250.00","True",""
"Mixed DryFruit & Seeds Roasted","1kg","1840.00","True",""
"Mixed DryFruit & Seeds Roasted","250g","460.00","True",""
"Mixed DryFruit & Seeds Roasted","500g","920.00","True",""
"Mixed Vegetables (Air Fried)","1kg","1960.00","True",""
"Mixed Vegetables (Air Fried)","250g","490.00","True",""
"Mixed Vegetables (Air Fried)","500g","980.00","True",""
"Moong Dal","1kg","210.00","True",""
"Moong Dal","250g","52.50","True",""
"Moong Dal","500g","105.00","True",""
"Moringa Noodles","1kg","580.00","True",""
"Moringa Noodles","250g","145.00","True",""
"Moringa Noodles","500g","290.00","True",""
"Moringa Pasta","1kg","540.00","True",""
"Moringa Pasta","250g","135.00","True",""
"Moringa Pasta","500g","270.00","True",""
"Moringa Powder","100g","205.00","True",""
"Moringa Powder","1kg","2050.00","True",""
"Moringa Powder","250g","512.50","True",""
"Moringa Powder","500g","1025.00","True",""
"Mulethi Root Powder/ Irattimadhuram","100g","224.00","True",""
"Mulethi Root Powder/ Irattimadhuram","1kg","2240.00","True",""
"Mulethi Root Powder/ Irattimadhuram","250g","560.00","True",""
"Mulethi Root Powder/ Irattimadhuram","500g","1120.00","True",""
"Multani Mitti","100g","101.00","True",""
"Multani Mitti","1kg","1010.00","True",""
"Multani Mitti","250g","252.50","True",""
"Multani Mitti","500g","505.00","True",""
"Multi Millet Cookies","1kg","580.00","True",""
"Multi Millet Cookies","250gm","145.00","True",""
"Multi Millet Cookies","500gm","290.00","True",""
"Multi Millet Vermiceli","1kg","410.00","True",""
"Multi Millet Vermiceli","250g","102.50","True",""
"Multi Millet Vermiceli","500g","205.00","True",""
"Multigrain Chikki","1kg","750.00","True",""
"Multigrain Chikki","250gm","187.50","True",""
"Multigrain Chikki","500gm","375.00","True",""
"Munakka Raisins","1kg","870.00","True",""
"Munakka Raisins","250g","217.50","True",""
"Munakka Raisins","500g","435.00","True",""
"Mustard Oil (Black Seed)","460 g","335.00","True",""
"Mustard Oil (Black Seed)","910 g","630.00","True",""
"Mustard Seeds Black","1kg","220.00","True",""
"Mustard Seeds Black","250g","55.00","True",""
"Mustard Seeds Black","500g","110.00","True",""
"Nannari Root","1kg","700.00","True",""
"Nannari Root","250g","175.00","True",""
"Nannari Root","500g","350.00","True",""
"Navara Rice","1kg","146.00","True",""
"Navara Rice","250g","36.50","True",""
"Navara Rice","500g","73.00","True",""
"Neem Comb","Default Title","110.00","True",""
"Neem Comb","Default Title","110.00","True",""
"Neem Ladle","Default Title","125.00","True",""
"Neem Leaf Powder","100g","145.00","True",""
"Neem Leaf Powder","1kg","1450.00","True",""
"Neem Leaf Powder","250g","362.50","True",""
"Neem Leaf Powder","500g","725.00","True",""
"Neem Massage Comb","Default Title","350.00","True",""
"Neem Spatula","Default Title","90.00","True",""
"Neem Spatula","Default Title","90.00","True",""
"Neem Tongue Cleaner","Default Title","90.00","True",""
"Nutmeg","1kg","1300.00","True",""
"Nutmeg","250g","325.00","True",""
"Nutmeg","500g","650.00","True",""
"Nutmeg Mace (Red Flower)","1kg","4000.00","True",""
"Nutmeg Mace (Red Flower)","250g","1000.00","True",""
"Nutmeg Mace (Red Flower)","500g","2000.00","True",""
"Nutmeg Mace (Yellow Flower)","1kg","3700.00","True",""
"Nutmeg Mace (Yellow Flower)","250g","925.00","True",""
"Nutmeg Mace (Yellow Flower)","500g","1850.00","True",""
"Orange Peel Powder","100g","199.00","True",""
"Orange Peel Powder","1kg","1990.00","True",""
"Orange Peel Powder","250g","497.50","True",""
"Orange Peel Powder","500g","995.00","True",""
"Oregano","1kg","700.00","True",""
"Oregano","250g","175.00","True",""
"Oregano","500g","350.00","True",""
"Palm Candy Crystal (Panam Kalkandam)","1kg","1050.00","True",""
"Palm Candy Crystal (Panam Kalkandam)","250g","262.50","True",""
"Palm Candy Crystal (Panam Kalkandam)","500g","525.00","True",""
"Palm Jaggery (Karupatti)","1kg","330.00","True",""
"Palm Jaggery (Karupatti)","250g","107.50","True",""
"Palm Jaggery (Karupatti)","500g","165.00","True",""
"Papaya Dried","1kg","890.00","True",""
"Papaya Dried","250g","222.50","True",""
"Papaya Dried","500g","445.00","True",""
"Pathimukham","1kg","810.00","True",""
"Pathimukham","250g","202.50","True",""
"Pathimukham","500g","405.00","True",""
"Peanut Chikki","1kg","590.00","True",""
"Peanut Chikki","250g","147.50","True",""
"Peanut Chikki","500g","295.00","True",""
"Peanut Plain Roasted","1kg","460.00","True",""
"Peanut Plain Roasted","250g","115.00","True",""
"Peanut Plain Roasted","500g","230.00","True",""
"Peanut Plain Roasted Nut Butter","250g / Honey","220.00","True",""
"Peanut Plain Roasted Nut Butter","250g / Jaggery","210.00","True",""
"Peanut Plain Roasted Nut Butter","250g / Unsweetened","190.00","True",""
"Peanut Salted","1kg","520.00","True",""
"Peanut Salted","250g","130.00","True",""
"Peanut Salted","500g","260.00","True",""
"Pearl Millet (Bajra)","1kg","95.00","True",""
"Pearl Millet (Bajra)","250g","23.75","True",""
"Pearl Millet (Bajra)","500g","47.50","True",""
"Pecan Nuts","1kg","2700.00","True",""
"Pecan Nuts","250g","675.00","True",""
"Pecan Nuts","500g","1350.00","True",""
"Pepper","100g - Masala","140.00","True",""
"Pepper","125g - Masala","175.00","True",""
"Pepper","150g - Masala","210.00","True",""
"Pepper","175g - Masala","245.00","True",""
"Pepper","1kg","1570.00","True",""
"Pepper","200g - Masala","280.00","True",""
"Pepper","250g","392.50","True",""
"Pepper","25g - Masala","35.00","True",""
"Pepper","500g","785.00","True",""
"Pepper","50g - Masala","70.00","True",""
"Pepper","75g - Masala","105.00","True",""
"Pineapple Coin (Dried)","1kg","1150.00","True",""
"Pineapple Coin (Dried)","250g","287.50","True",""
"Pineapple Coin (Dried)","500g","575.00","True",""
"Pineapple Ring Dried","1kg","1250.00","True",""
"Pineapple Ring Dried","250g","312.50","True",""
"Pineapple Ring Dried","500g","625.00","True",""
"Pink Salt Powder","1kg","150.00","True",""
"Pink Salt Powder","250g","37.50","True",""
"Pink Salt Powder","500g","75.00","True",""
"Pista California (AM)","1kg","2300.00","True",""
"Pista California (AM)","250g","575.00","True",""
"Pista California (AM)","500g","1150.00","True",""
"Pista California Premium - Salted & Roasted","1kg","2500.00","True",""
"Pista California Premium - Salted & Roasted","250g","625.00","True",""
"Pista California Premium - Salted & Roasted","500g","1250.00","True",""
"Pista Plain w/o Shell","1kg","3980.00","True",""
"Pista Plain w/o Shell","250g","995.00","True",""
"Pista Plain w/o Shell","500g","1990.00","True",""
"Plum Black Dried","1kg","900.00","True",""
"Plum Black Dried","250g","225.00","True",""
"Plum Black Dried","500g","450.00","True",""
"Pomegranate Honey","250g","435.00","True",""
"Pomegranate Honey","400g","670.00","True",""
"Poppy (KhusKhus) White","1kg","3350.00","True",""
"Poppy (KhusKhus) White","250g","837.50","True",""
"Poppy (KhusKhus) White","500g","1675.00","True",""
"Pot Tamarind (Kudampuli)","1kg","530.00","True",""
"Pot Tamarind (Kudampuli)","250g","132.50","True",""
"Pot Tamarind (Kudampuli)","500g","265.00","True",""
"Protein Beans","1kg","1300.00","True",""
"Protein Beans","250g","325.00","True",""
"Protein Beans","500g","650.00","True",""
"Prunes Dried","1kg","1290.00","True",""
"Prunes Dried","250g","322.50","True",""
"Prunes Dried","500g","645.00","True",""
"Psyllium Husk (Isabgol Busi)","1kg","2000.00","True",""
"Psyllium Husk (Isabgol Busi)","250g","500.00","True",""
"Psyllium Husk (Isabgol Busi)","500g","1000.00","True",""
"Pumpkin Seeds","1kg","980.00","True",""
"Pumpkin Seeds","250g","245.00","True",""
"Pumpkin Seeds","500g","490.00","True",""
"Putana (Parched Gram) Fine","1kg","180.00","True",""
"Putana (Parched Gram) Fine","250g","45.00","True",""
"Putana (Parched Gram) Fine","500g","90.00","True",""
"Puttu Powder Roasted (Red)","1kg","130.00","True",""
"Puttu Powder Roasted (Red)","250g","32.50","True",""
"Puttu Powder Roasted (Red)","500g","65.00","True",""
"Puttu Powder Roasted (White)","1kg","130.00","True",""
"Puttu Powder Roasted (White)","250g","32.50","True",""
"Puttu Powder Roasted (White)","500g","65.00","True",""
"Quinoa","1kg","190.00","True",""
"Quinoa","250g","47.50","False",""
"Quinoa","500g","95.00","False",""
"Quinoa Vermicelli","1kg","410.00","True",""
"Quinoa Vermicelli","250g","102.50","True",""
"Quinoa Vermicelli","500g","205.00","True",""
"Raamacham","100g","180.00","True",""
"Raamacham","1kg","1800.00","True",""
"Raamacham","250g","450.00","True",""
"Raamacham","500g","900.00","True",""
"Ragi (Finger Millet)","1kg","95.00","True",""
"Ragi (Finger Millet)","250g","23.75","True",""
"Ragi (Finger Millet)","500g","47.50","True",""
"Ragi (Finger Millet) Rava","1kg","200.00","True",""
"Ragi (Finger Millet) Rava","250g","50.00","True",""
"Ragi (Finger Millet) Rava","500g","100.00","True",""
"Ragi Flakes","1kg","230.00","True",""
"Ragi Flakes","250g","57.50","True",""
"Ragi Flakes","500g","115.00","True",""
"Ragi Noodles","1kg","620.00","True",""
"Ragi Noodles","250g","155.00","True",""
"Ragi Noodles","500g","310.00","True",""
"Raisin- Afghan Long","1kg","1280.00","True",""
"Raisin- Afghan Long","250g","320.00","True",""
"Raisin- Afghan Long","500g","640.00","True",""
"Rajapuri Turmeric","100g - Masala","59.00","True",""
"Rajapuri Turmeric","150g - Masala","88.50","True",""
"Rajapuri Turmeric","1kg","590.00","True",""
"Rajapuri Turmeric","200g - Masala","118.00","True",""
"Rajapuri Turmeric","20g - Masala","11.80","True",""
"Rajapuri Turmeric","250g","147.50","True",""
"Rajapuri Turmeric","40g - Masala","23.60","True",""
"Rajapuri Turmeric","500g","295.00","True",""
"Rajapuri Turmeric","60g - Masala","35.40","True",""
"Rajapuri Turmeric","80g - Masala","47.20","True",""
"Rajwadi Wheat","1kg / Powder","90.00","True",""
"Rajwadi Wheat","1kg / Raw","90.00","True",""
"Rajwadi Wheat","3kg / Powder","270.00","True",""
"Rajwadi Wheat","3kg / Raw","270.00","True",""
"Rajwadi Wheat","5kg / Powder","450.00","True",""
"Rajwadi Wheat","5kg / Raw","450.00","True",""
"Rakthachandana","100G","400.00","True",""
"Rakthachandana","1kg","4000.00","True",""
"Rakthachandana","250g","1000.00","True",""
"Rakthachandana","500g","2000.00","True",""
"Raw Honey","1350g","930.00","True",""
"Raw Honey","400g","310.00","True",""
"Raw Honey","950g","680.00","True",""
"Rectangle Loofah","Default Title","45.00","True",""
"Red Chilli- Byadagi Kaddi","1kg","1050.00","True",""
"Red Chilli- Byadagi Kaddi","25og","262.50","True",""
"Red Chilli- Byadagi Kaddi","500g","525.00","True",""
"Red Chilli- Dabbi","100g - Masala","148.00","True",""
"Red Chilli- Dabbi","150g - Masala","222.00","True",""
"Red Chilli- Dabbi","1kg","1480.00","True",""
"Red Chilli- Dabbi","200g - Masala","296.00","True",""
"Red Chilli- Dabbi","250g","370.00","True",""
"Red Chilli- Dabbi","250g - Masala","370.00","True",""
"Red Chilli- Dabbi","500g","740.00","True",""
"Red Chilli- Dabbi","50g - Masala","74.00","True",""
"Red Chilli- Guntur Long","100g - Masala","53.00","True",""
"Red Chilli- Guntur Long","150g - Masala","79.50","True",""
"Red Chilli- Guntur Long","1kg","530.00","True",""
"Red Chilli- Guntur Long","200g - Masala","106.00","True",""
"Red Chilli- Guntur Long","250g","132.50","True",""
"Red Chilli- Guntur Long","250g - Masala","132.50","True",""
"Red Chilli- Guntur Long","500g","265.00","True",""
"Red Chilli- Guntur Long","50g - Masala","26.50","True",""
"Red Chilli- Guntur Small","1kg","650.00","True",""
"Red Chilli- Guntur Small","250g","162.50","True",""
"Red Chilli- Guntur Small","500g","325.00","True",""
"Red Chilli- Salem Ball","100g - Masala","82.00","True",""
"Red Chilli- Salem Ball","150g - Masala","123.00","True",""
"Red Chilli- Salem Ball","1kg","820.00","True",""
"Red Chilli- Salem Ball","200g - Masala","164.00","True",""
"Red Chilli- Salem Ball","250g","205.00","True",""
"Red Chilli- Salem Ball","250g - Masala","205.00","True",""
"Red Chilli- Salem Ball","500g","410.00","True",""
"Red Chilli- Salem Ball","50g - Masala","41.00","True",""
"Red Matta Rice (Parboiled & Semi-Polished)","1kg","99.00","True",""
"Red Matta Rice (Parboiled & Semi-Polished)","250g","24.75","True",""
"Red Matta Rice (Parboiled & Semi-Polished)","500g","49.50","True",""
"Red Rajma/ Kidney Beans","1kg","260.00","True",""
"Red Rajma/ Kidney Beans","250g","65.00","True",""
"Red Rajma/ Kidney Beans","500g","130.00","True",""
"Red Rice Flakes (Avalakki)","1kg","190.00","True",""
"Red Rice Flakes (Avalakki)","250g","47.50","True",""
"Red Rice Flakes (Avalakki)","500g","95.00","True",""
"Reetha Powder","100g","205.00","True",""
"Reetha Powder","1kg","2050.00","True",""
"Reetha Powder","250g","512.50","True",""
"Reetha Powder","500g","1025.00","True",""
"Roasted Chana","1kg","350.00","True",""
"Roasted Chana","250g","87.50","True",""
"Roasted Chana","500g","175.00","True",""
"Robusta Coffee Beans","1kg","1500.00","True",""
"Robusta Coffee Beans","250g","375.00","True",""
"Robusta Coffee Beans","500g","750.00","True",""
"Robusta Coffee Beans (organic)","1kg","1900.00","True",""
"Robusta Coffee Beans (organic)","250g","475.00","True",""
"Robusta Coffee Beans (organic)","500g","950.00","True",""
"Robusta Coffee Powder (Idukki)","1kg","1350.00","True",""
"Robusta Coffee Powder (Idukki)","250g","337.50","True",""
"Robusta Coffee Powder (Idukki)","500g","675.00","True",""
"Rose Mary Dried","1kg","850.00","True",""
"Rose Mary Dried","250g","212.50","True",""
"Rose Mary Dried","500g","425.00","True",""
"Rose Petals","1kg","1180.00","True",""
"Rose Petals","250g","295.00","True",""
"Rose Petals","500g","590.00","True",""
"Royal Prime Kimia Dates","1kg","600.00","True",""
"Royal Prime Kimia Dates","250g","150.00","True",""
"Royal Prime Kimia Dates","500g","300.00","True",""
"Royal Rajamudi Rice Premium","1kg","139.00","True",""
"Royal Rajamudi Rice Premium","250g","34.75","True",""
"Royal Rajamudi Rice Premium","500g","69.50","True",""
"Safawi Dates","1kg","1180.00","True",""
"Safawi Dates","250g","295.00","True",""
"Safawi Dates","500g","590.00","True",""
"Sago (Tapioca Pearls)","1kg","130.00","True",""
"Sago (Tapioca Pearls)","250g","32.50","True",""
"Sago (Tapioca Pearls)","500g","65.00","True",""
"Sambar Masala","150gm","165.00","True",""
"Sandalwood Powder","100G","260.00","True",""
"Sandalwood Powder","1kg","2600.00","True",""
"Sandalwood Powder","250g","650.00","True",""
"Sandalwood Powder","500g","1300.00","True",""
"Sesame Oil (Brown Gingelly Seed)","460g","360.00","True",""
"Sesame Oil (Brown Gingelly Seed)","910g","680.00","True",""
"Sesame Oil (White Gingelly Seed)","460g","370.00","True",""
"Sesame Oil (White Gingelly Seed)","910g","700.00","True",""
"Sesame Seeds (Til) Black","1kg","552.00","True",""
"Sesame Seeds (Til) Black","250g","138.00","True",""
"Sesame Seeds (Til) Black","500g","276.00","True",""
"Sesame Seeds (Til) White","1kg","420.00","True",""
"Sesame Seeds (Til) White","250g","105.00","True",""
"Sesame Seeds (Til) White","500g","210.00","True",""
"Shah Jeera (Caraway)","1kg","750.00","True",""
"Shah Jeera (Caraway)","250g","187.50","True",""
"Shah Jeera (Caraway)","500g","375.00","True",""
"Sharbati Wheat (Rajnigandha)","1kg / Powder","95.00","True",""
"Sharbati Wheat (Rajnigandha)","1kg / Raw","95.00","True",""
"Sharbati Wheat (Rajnigandha)","3kg / Powder","285.00","True",""
"Sharbati Wheat (Rajnigandha)","3kg / Raw","285.00","True",""
"Sharbati Wheat (Rajnigandha)","5kg / Powder","475.00","True",""
"Sharbati Wheat (Rajnigandha)","5kg / Raw","475.00","True",""
"Shikha Kai Powder","100g","150.00","True",""
"Shikha Kai Powder","1kg","1500.00","True",""
"Shikha Kai Powder","250g","375.00","True",""
"Shikha Kai Powder","500g","750.00","True",""
"Sona Masoori Rice","1kg","86.00","True",""
"Sona Masoori Rice","250g","21.50","True",""
"Sona Masoori Rice","500g","43.00","True",""
"Soup Spoon","Default Title","190.00","True",""
"Soya Bean","1kg","200.00","True",""
"Soya Bean","250g","50.00","True",""
"Soya Bean","500g","100.00","True",""
"Spoon","Default Title","165.00","True",""
"Spoon","Default Title","110.00","True",""
"Sprouted Ragi","1kg","250.00","True",""
"Sprouted Ragi","250g","62.50","True",""
"Sprouted Ragi","500g","125.00","True",""
"Star Anise","100g - Masala","135.00","True",""
"Star Anise","150g - Masala","202.50","True",""
"Star Anise","1kg","1450.00","True",""
"Star Anise","200g - Masala","270.00","True",""
"Star Anise","250g","362.50","True",""
"Star Anise","250g - Masala","337.50","True",""
"Star Anise","500g","725.00","True",""
"Star Anise","50g - Masala","67.50","True",""
"Stingless Bee Honey (Cheruthen)","250g","890.00","True",""
"Stingless Bee Honey (Cheruthen)","400g","1410.00","True",""
"Stone Flower","1kg","1300.00","True",""
"Stone Flower","250g","325.00","True",""
"Stone Flower","500g","650.00","True",""
"Sugar Free Muesli","1kg","640.00","True",""
"Sugar Free Muesli","250g","160.00","True",""
"Sugar Free Muesli","500g","320.00","True",""
"Sukkari Wet Dates","1kg","760.00","True",""
"Sukkari Wet Dates","250g","190.00","True",""
"Sukkari Wet Dates","500g","380.00","True",""
"Sunflower Oil","460g","305.00","True",""
"Sunflower Oil","910 g","570.00","True",""
"Sunflower Seeds","1kg","600.00","True",""
"Sunflower Seeds","250g","150.00","True",""
"Sunflower Seeds","500g","300.00","True",""
"Tarbuj Seeds","1kg","1350.00","True",""
"Tarbuj Seeds","250g","337.50","True",""
"Tarbuj Seeds","500g","675.00","True",""
"Tea - Cardamom Idukki (Organic)","1kg","1900.00","True",""
"Tea - Cardamom Idukki (Organic)","250g","475.00","True",""
"Tea - Cardamom Idukki (Organic)","500g","950.00","True",""
"Tea - Ginger Idukki (Organic)","1kg","1900.00","True",""
"Tea - Ginger Idukki (Organic)","250g","475.00","True",""
"Tea - Ginger Idukki (Organic)","500g","950.00","True",""
"Tea - Green Leaf Idukki","1kg","4000.00","True",""
"Tea - Green Leaf Idukki","250g","1000.00","True",""
"Tea - Green Leaf Idukki","500g","2000.00","True",""
"Tea - Masala Idukki (Organic)","1kg","2200.00","True",""
"Tea - Masala Idukki (Organic)","250g","550.00","True",""
"Tea - Masala Idukki (Organic)","500g","1100.00","True",""
"Tea - Orthodox Black Idukki (Organic)","1kg","1300.00","True",""
"Tea - Orthodox Black Idukki (Organic)","250g","325.00","True",""
"Tea - Orthodox Black Idukki (Organic)","500g","650.00","True",""
"Tea - Orthodox Black Leaf Idukki (Organic)","1kg","2800.00","True",""
"Tea - Orthodox Black Leaf Idukki (Organic)","250g","700.00","True",""
"Tea - Orthodox Black Leaf Idukki (Organic)","500g","1400.00","True",""
"Tenseed Chikki","1kg","740.00","True",""
"Tenseed Chikki","250g","185.00","True",""
"Tenseed Chikki","500g","370.00","True",""
"Thippili (Long Pepper)","Default Title","0.00","True",""
"Thooyamalli Rice","1kg","190.00","True",""
"Thooyamalli Rice","250g","47.50","True",""
"Thooyamalli Rice","500g","95.00","True",""
"Toor Dal Fine (Yellow)","1kg","240.00","True",""
"Toor Dal Fine (Yellow)","250g","60.00","True",""
"Toor Dal Fine (Yellow)","500g","120.00","True",""
"Travancore Tamarind/ Vaalan Puli","1kg","550.00","True",""
"Travancore Tamarind/ Vaalan Puli","250g","137.50","True",""
"Travancore Tamarind/ Vaalan Puli","500g","275.00","True",""
"Triphala","100g","149.00","True",""
"Triphala","1kg","1490.00","True",""
"Triphala","250g","372.50","True",""
"Triphala","500g","745.00","True",""
"Urad Dal Black Split","1kg","200.00","True",""
"Urad Dal Black Split","250g","50.00","True",""
"Urad Dal Black Split","500g","100.00","True",""
"Urad Gola Fine-Ball","1kg","250.00","True",""
"Urad Gola Fine-Ball","250g","62.50","True",""
"Urad Gola Fine-Ball","500g","125.00","True",""
"Urad White Chilka (Split)","1kg","240.00","True",""
"Urad White Chilka (Split)","250g","60.00","True",""
"Urad White Chilka (Split)","500g","120.00","True",""
"Venga Dried","1kg","450.00","True",""
"Venga Dried","250g","112.50","True",""
"Venga Dried","500g","225.00","True",""
"Virgin coconut Oil","160g","340.00","True",""
"Virgin coconut Oil","280g","595.00","True",""
"Virgin coconut Oil","600g","1275.00","True",""
"Walnut Chile","1kg","2580.00","True",""
"Walnut Chile","250g","645.00","True",""
"Walnut Chile","500g","1290.00","True",""
"Walnut Nut Butter","250g / Honey","597.00","True",""
"Walnut Nut Butter","250g / Jaggery","587.00","True",""
"Walnut Nut Butter","250g / Unsweetened","567.00","True",""
"Walnut Super White (Kashmiri)","1kg","1970.00","True",""
"Walnut Super White (Kashmiri)","250g","492.50","True",""
"Walnut Super White (Kashmiri)","500g","985.00","True",""
"Watermelon Seeds","1kg","1150.00","True",""
"Watermelon Seeds","250g","287.50","True",""
"Watermelon Seeds","500g","575.00","True",""
"Wheat Flakes","1kg","300.00","True",""
"Wheat Flakes","250g","52.50","True",""
"Wheat Flakes","500g","150.00","True",""
"White Rajma (Pinto Beans)","1kg","240.00","True",""
"White Rajma (Pinto Beans)","250g","60.00","True",""
"White Rajma (Pinto Beans)","500g","120.00","True",""
"White Rice Flakes (Avalakki)","1kg","140.00","True",""
"White Rice Flakes (Avalakki)","250g","35.00","True",""
"White Rice Flakes (Avalakki)","500g","70.00","True",""
"White Sesame Chikki","1kg","640.00","True",""
"White Sesame Chikki","250g","160.00","True",""
"White Sesame Chikki","500g","320.00","True",""
"Yellow Ball Raisins","1kg","840.00","True",""
"Yellow Ball Raisins","250g","210.00","True",""
"Yellow Ball Raisins","500g","420.00","True",""
